"","text","favorited","favoriteCount","replyToSN","created","truncated","replyToSID","id","replyToUID","statusSource","screenName","retweetCount","isRetweet","retweeted","longitude","latitude","keyword","textStemming"
"1","rt  reicirrichier  voici les deux qui foutent la merde a l ump  la bobo  parisienne et le blaireau de bordeaux  avec ca c est pas gagne  ht ",FALSE,0,NA,2015-02-02 23:59:40,FALSE,NA,"562399989155254273",NA,"<a href=""http://twitter.com/download/iphone"" rel=""nofollow"">Twitter for iPhone</a>","NinaBergamote",256,TRUE,FALSE,NA,NA,"UMP","rt  reicirrichi  voic  deux  foutent  merd a  ump   bobo  parisien   blaireau  bordeau   ca    gagn  ht"
"2"," sabje2410  cemodf1  bruno lemaire la presence de  nk m plombe l  ump il faut vite ecarter la perdante presidentielle2012 paris2014",FALSE,0,"sabje2410",2015-02-02 23:59:37,FALSE,"562368530482737152","562399975855108096","1502250030","<a href=""http://twitter.com/download/iphone"" rel=""nofollow"">Twitter for iPhone</a>","michelam64",0,FALSE,FALSE,NA,NA,"UMP"," sabje2410  cemodf1  bruno lemair  presenc   nk  plomb   ump  faut vit ecart  perd presidentielle2012 paris2014"
"3","le maire de bordeaux s engage   alain juppe veut  faire barrage au fn   le maire ump de bordeaux  alain juppe     http   t co sssvop9c4n",FALSE,0,NA,2015-02-02 23:59:37,FALSE,NA,"562399974277644288",NA,"<a href=""http://twitterfeed.com"" rel=""nofollow"">twitterfeed</a>","waptryteam",0,FALSE,FALSE,NA,NA,"UMP"," mair  bordeau  engag   alain jupp veut  fair barrag  fn    mair ump  bordeau  alain jupp     http    co sssvop9c4n"
"4","rt  askolovitchc  ce qui m interesse monsieur  j bardella  c est que des militants ump sont en fait des taupes de votre fn  c est une infor ",FALSE,0,NA,2015-02-02 23:59:30,FALSE,NA,"562399944917917696",NA,"<a href=""http://twitter.com/download/iphone"" rel=""nofollow"">Twitter for iPhone</a>","BlackJesuus",16,TRUE,FALSE,NA,NA,"UMP","rt  askolovitchc     interess monsieur   bardel      milit ump   fait  taup   fn     infor"
"5","rt  gallet81127917  alain juppe soutenait demouge ump anti enfants blonds ds le doubs http   t co irl1duxd1l",FALSE,0,NA,2015-02-02 23:59:15,FALSE,NA,"562399883865653250",NA,"<a href=""http://twitter.com"" rel=""nofollow"">Twitter Web Client</a>","FrankM_80",17,TRUE,FALSE,NA,NA,"UMP","rt  gallet81127917  alain jupp souten demoug ump anti enfant blond d  doub http    co irl1duxd1l"
"6"," daniel jerome44 ca existe  chacun pour soi et l ump pour tous  comme consigne ",FALSE,0,"Daniel_Jerome44",2015-02-02 23:59:13,FALSE,"562399039946489857","562399875338633216","2898745401","<a href=""http://twitter.com"" rel=""nofollow"">Twitter Web Client</a>","cherenceleheron",0,FALSE,FALSE,NA,NA,"UMP"," daniel jerome44 ca exist  chacun     ump  tous  comm consign"
"7","rt  guillaume6869   doubs perso j en arrive a la conclusion que  sarkozy reussi son coup   mettre en evidence les incoherences de certains  ",FALSE,0,NA,2015-02-02 23:59:10,FALSE,NA,"562399861606461441",NA,"<a href=""http://twitter.com/download/iphone"" rel=""nofollow"">Twitter for iPhone</a>","P_Bourgois",36,TRUE,FALSE,NA,NA,"UMP","rt  guillaume6869   doub perso   arriv a  conclus   sarkozy reuss  coup   mettr  evident  incoherent  certain "
"8","rt  chanamla  alain  juppe est il au dessus des regles de l  ump     alainjuppe  dimanche prochain  dans le doubs   http   t co apkiltumoo  ",FALSE,0,NA,2015-02-02 23:59:01,FALSE,NA,"562399825497714689",NA,"<a href=""http://twitter.com/download/iphone"" rel=""nofollow"">Twitter for iPhone</a>","cemodf1",1,TRUE,FALSE,NA,NA,"UMP","rt  chanaml  alain  jupp    dessus  regl    ump     alainjupp  dimanch prochain    doub   http    co apkiltumoo "
"9","rt  gnselliere  une dette de 1 635 milliard d euros    voila ce que le  ps laisse derriere lui dans le nord   en mars je vote  ump udi   au ",FALSE,0,NA,2015-02-02 23:58:55,FALSE,NA,"562399799845330944",NA,"<a href=""http://twitter.com"" rel=""nofollow"">Twitter Web Client</a>","avenel691",31,TRUE,FALSE,NA,NA,"UMP","rt  gnsellier   det  1 635 milliard  euros    voil     p laiss derrier    nord    mar  vot  ump udi   "
"10","rt  rpikendorf   juppe investit le roi des nuls comme candidat puis appelle a voter ps contre la ligne officielle  ump   http   t co nmkyp5 ",FALSE,0,NA,2015-02-02 23:58:53,FALSE,NA,"562399789393117184",NA,"<a href=""http://twitter.com/download/iphone"" rel=""nofollow"">Twitter for iPhone</a>","cemodf1",1,TRUE,FALSE,NA,NA,"UMP","rt  rpikendorf   jupp invest  roi  nul comm candidat puis appel a vot p contr  lign officiel  ump   http    co nmkyp5"
"11","merci a  nk m de son passage en  dordogne   merci aux  jeunespop33    ump scpobx pour leur presence    jeunesump http   t co y2g5l7awqk",FALSE,4,NA,2015-02-02 23:58:42,FALSE,NA,"562399745717846018",NA,"<a href=""http://twitter.com/download/iphone"" rel=""nofollow"">Twitter for iPhone</a>","jeunespop24",8,FALSE,FALSE,"0.74995914","45.17917834","UMP","merc a  nk    passag   dordogn   merc   jeunespop33    ump scpobx   presenc    jeunesump http    co y2g5l7awqk"
"12","rt  laurentwauquiez  mes idees ne sont pas celles du ps  je ne partage pas les idees du fn  si je devais voter dans le doubs  je voterais b ",FALSE,0,NA,2015-02-02 23:58:41,FALSE,NA,"562399741346983937",NA,"<a href=""http://twitter.com/download/iphone"" rel=""nofollow"">Twitter for iPhone</a>","fvg35",267,TRUE,FALSE,NA,NA,"UMP","rt  laurentwauqu   ide    cel  p    partag   ide  fn  si  dev vot   doub   vot b"
"13","rt  charlesaslangul  non seulement juppe appelle a voter pour le catastrophique  ps  mais il coule l  ump en officialisant l umps   echec e ",FALSE,0,NA,2015-02-02 23:58:36,FALSE,NA,"562399720044109824",NA,"<a href=""http://twitter.com/download/iphone"" rel=""nofollow"">Twitter for iPhone</a>","fvg35",17,TRUE,FALSE,NA,NA,"UMP","rt  charlesaslangul  non seul jupp appel a vot   catastroph  p    coul   ump  officialis  ump   echec e"
"14","rt  brunomasure  le  ni ni  de l  ump est juste consternant   ils auront la defaite et le deshonneur    ",FALSE,0,NA,2015-02-02 23:58:31,FALSE,NA,"562399698397700096",NA,"<a href=""http://tweetadder.com"" rel=""nofollow"">TweetAdder v4</a>","PS_Versailles",139,TRUE,FALSE,NA,NA,"UMP","rt  brunomasur    ni ni     ump  just constern      defait   deshonneur   "
"15","rt  cocotte421  nombre d adherents  ump ne veulent pas de cette droite molle incarnee notamment par  aj et  nkm et font confiance a  ns pou ",FALSE,0,NA,2015-02-02 23:58:28,FALSE,NA,"562399683482746880",NA,"<a href=""http://twitter.com/download/iphone"" rel=""nofollow"">Twitter for iPhone</a>","P_Bourgois",16,TRUE,FALSE,NA,NA,"UMP","rt  cocotte421  nombr  adherent  ump  veulent    droit moll incarne not   aj   nkm  font confianc a  n pou"
"16","rt  guillaumedaret   glarrive  depute  ump  tacle alain  juppe qui a annonce qu il voterait ps dans le  doubs  circo2504 http   t co gkascy ",FALSE,0,NA,2015-02-02 23:58:27,FALSE,NA,"562399682341900288",NA,"<a href=""http://twitter.com/download/android"" rel=""nofollow"">Twitter for Android</a>","freelancer33",12,TRUE,FALSE,NA,NA,"UMP","rt  guillaumedaret   glarriv  deput  ump  tacl alain  jupp  a annonc   vot p    doub  circo2504 http    co gkascy"
"17"," n0uvelles faut comprendre  le pauvre depuis le retour de  sarkozy a l  ump sa carriere est compromise alors qu au  ps il a sa chance",FALSE,0,"N0UVELLES",2015-02-02 23:58:17,FALSE,"562399303172231168","562399637177643008","2262841244","<a href=""http://twitter.com"" rel=""nofollow"">Twitter Web Client</a>","cherenceleheron",0,FALSE,FALSE,NA,NA,"UMP"," n0uvel faut comprendr   pauvr depuis  retour   sarkozy a   ump  carrier  compromis alor    p  a  chanc"
"18","rt  teamsarkozy   nicolas sarkozy peut il remporter les primaires de l ump en 2016    lejdd fr http   t co ygzcet2l5e",FALSE,0,NA,2015-02-02 23:58:16,FALSE,NA,"562399636061962240",NA,"<a href=""http://twitter.com"" rel=""nofollow"">Twitter Web Client</a>","EYMERIT24660",5,TRUE,FALSE,NA,NA,"UMP","rt  teamsarkozy   nicol sarkozy peut  remport  primair   ump  2016    lejdd fr http    co ygzcet2l5"
"19","rt  sinvestigation   ca pourrait faire un film    bernard debre  depute ump  docdsk",FALSE,0,NA,2015-02-02 23:58:14,FALSE,NA,"562399625999839232",NA,"<a href=""http://twitter.com/download/iphone"" rel=""nofollow"">Twitter for iPhone</a>","loiseau_martine",8,TRUE,FALSE,NA,NA,"UMP","rt  sinvestig   ca pourr fair  film    bernard debr  deput ump  docdsk"
"20","rt  ninabergamote   itele m   macescaron  le  boulet  a l  ump  c est  juppe et non  nicolassarkozy  ",FALSE,0,NA,2015-02-02 23:58:09,FALSE,NA,"562399603602227200",NA,"<a href=""http://twitter.com/download/iphone"" rel=""nofollow"">Twitter for iPhone</a>","cemodf1",1,TRUE,FALSE,NA,NA,"UMP","rt  ninabergamot   itel    macescaron    boulet  a   ump     jupp  non  nicolassarkozy "
"21","l  ump va t elle atteindre les primaires en un seul morceau   les dissensions internes commencent vraiment a se voir ",FALSE,0,NA,2015-02-02 23:58:03,FALSE,NA,"562399580214820864",NA,"<a href=""https://twitter.com/download/android"" rel=""nofollow"">Twitter for Android Tablets</a>","MonsieurFoum",0,FALSE,FALSE,"0.1831853","47.9938387","UMP","  ump va   atteindr  primair   seul morceau    dissens intern commencent vrai a  voir"
"22","rt  davidherubel  direction de l ump   grand ecart entre nkm et wauquiez lesechos fr http   t co y0fsj2emxx http   t co etdsagyu4x",FALSE,0,NA,2015-02-02 23:57:50,FALSE,NA,"562399523897872384",NA,"<a href=""https://roundteam.co"" rel=""nofollow"">RoundTeam</a>","HollowManSeries",2,TRUE,FALSE,NA,NA,"UMP","rt  davidherubel  direct   ump   grand ecart entre nkm  wauqu lesechos fr http    co y0fsj2emxx http    co etdsagyu4x"
"23","alain  juppe    si j etais dans le doubs  je voterais pour le ps  http   t co fesj2wr1yr via  le parisien  ump",FALSE,0,NA,2015-02-02 23:57:43,FALSE,NA,"562399496387440640",NA,"<a href=""http://twitter.com"" rel=""nofollow"">Twitter Web Client</a>","AfricaSportActu",0,FALSE,FALSE,NA,NA,"UMP","alain  jupp    si  etais   doub   vot   p  http    co fesj2wr1yr vi   parisien  ump"
"24","rt  askolovitchc  pour ce jeune responsable ump qui reveillonnait avec ses copains fn et philippot  le ps est  l ennemi de la france   http ",FALSE,0,NA,2015-02-02 23:57:26,FALSE,NA,"562399423989547008",NA,"<a href=""http://twitter.com/download/iphone"" rel=""nofollow"">Twitter for iPhone</a>","BlackJesuus",89,TRUE,FALSE,NA,NA,"UMP","rt  askolovitchc    jeun respons ump  reveillon   copain fn  philippot   p    ennem   franc   http"
"25","rt  sisf94  bon alain  juppe il prend sa carte au  ps a quel moment    jeposelaquestion   circo2504   ump http   t co svxqwbbumh",FALSE,0,NA,2015-02-02 23:57:24,FALSE,NA,"562399417727455232",NA,"<a href=""http://twitter.com/download/iphone"" rel=""nofollow"">Twitter for iPhone</a>","Ptitesfourmis",67,TRUE,FALSE,NA,NA,"UMP","rt  sisf94  bon alain  jupp  prend  cart   p a  moment    jeposelaquest   circo2504   ump http    co svxqwbbumh"
"26","bruno le maire  desormais incontournable a l ump http   t co afs0agpzu1 http   t co 4ub9i7f7br http   t co y0fsj2emxx",FALSE,0,NA,2015-02-02 23:57:22,FALSE,NA,"562399408525156352",NA,"<a href=""http://www.thecacaocafe3dparispictodrawinglinkeding.com/APP/APPRETWEET02"" rel=""nofollow"">RETWITTER001</a>","davidherubel",0,FALSE,FALSE,NA,NA,"UMP","bruno  mair  desorm incontourn a  ump http    co afs0agpzu1 http    co 4ub9i7f7br http    co y0fsj2emxx"
"27","rt  askolovitchc  pour ce jeune responsable ump qui reveillonnait avec ses copains fn et philippot  le ps est  l ennemi de la france   http ",FALSE,0,NA,2015-02-02 23:57:19,FALSE,NA,"562399397041147904",NA,"<a href=""http://twitter.com"" rel=""nofollow"">Twitter Web Client</a>","joseemunuera",89,TRUE,FALSE,NA,NA,"UMP","rt  askolovitchc    jeun respons ump  reveillon   copain fn  philippot   p    ennem   franc   http"
"28","rt  reicirrichier  voici les deux qui foutent la merde a l ump  la bobo  parisienne et le blaireau de bordeaux  avec ca c est pas gagne  ht ",FALSE,0,NA,2015-02-02 23:57:13,FALSE,NA,"562399370780622848",NA,"<a href=""http://twitter.com"" rel=""nofollow"">Twitter Web Client</a>","avenel691",256,TRUE,FALSE,NA,NA,"UMP","rt  reicirrichi  voic  deux  foutent  merd a  ump   bobo  parisien   blaireau  bordeau   ca    gagn  ht"
"29"," armelle68  ump  cette  trahison  est une chance pour l ump      ",FALSE,1,"Armelle68",2015-02-02 23:56:50,FALSE,"562372019493568513","562399274252902400","1625265876","<a href=""http://twitter.com/download/iphone"" rel=""nofollow"">Twitter for iPhone</a>","cemodf1",0,FALSE,FALSE,NA,NA,"UMP"," armelle68  ump    trahison    chanc   ump     "
"30"," l ump n a pas de consigne de vote a donner pour la legislative partielle qui se rejoue en 2ee tour arretez de ns prendre pour sous citoyens",FALSE,0,NA,2015-02-02 23:56:44,FALSE,NA,"562399248625725440",NA,"<a href=""http://twitter.com"" rel=""nofollow"">Twitter Web Client</a>","lesmariannes",0,FALSE,FALSE,NA,NA,"UMP","  ump  a   consign  vot a don   legisl partiel   rejou  2e tour arret  n prendr  sous citoyen"
"31","rt  mickaelsailor  l echiquier politique a change   desormais il y a un gros bloc a gauche avec l ump  ps  udi  verts  front de gauche et a ",FALSE,0,NA,2015-02-02 23:56:39,FALSE,NA,"562399227159252992",NA,"<a href=""http://twitter.com/download/android"" rel=""nofollow"">Twitter for Android</a>","resistance83340",3,TRUE,FALSE,NA,NA,"UMP","rt  mickaelsailor   echiqui polit a chang   desorm   a  gros bloc a gauch   ump  p  udi  vert  front  gauch  a"
"32","rt  philde france   fandebleu  dailymotion comment cet homme cense peut il encore rester avec l  ump et ces incoherences   ",FALSE,0,NA,2015-02-02 23:56:36,FALSE,NA,"562399213951406080",NA,"<a href=""http://twitter.com/download/android"" rel=""nofollow"">Twitter for Android</a>","Rowlfg",2,TRUE,FALSE,NA,NA,"UMP","rt  phild franc   fandebleu  dailymot comment  homm cens peut  encor rest    ump   incoherent  "
"33","rt  ornikkar  quand l ump se divise  http   t co w1zfklaym7",FALSE,0,NA,2015-02-02 23:56:32,FALSE,NA,"562399197501349888",NA,"<a href=""http://twitter.com/download/iphone"" rel=""nofollow"">Twitter for iPhone</a>","dweedztweet",240,TRUE,FALSE,NA,NA,"UMP","rt  ornikkar  quand  ump  divis  http    co w1zfklaym7"
"34","rt  chronik afrik  selon les services secrets de l ump hollande s est converti en islam  la preuve il est polygame  tweetcommenkm",FALSE,0,NA,2015-02-02 23:56:22,FALSE,NA,"562399156627857408",NA,"<a href=""http://twitter.com/download/iphone"" rel=""nofollow"">Twitter for iPhone</a>","HOUNSOU_HY",18,TRUE,FALSE,NA,NA,"UMP","rt  chronik afrik  selon  servic secret   ump holland   convert  islam   preuv   polygam  tweetcommenkm"
"35","rt  renaudpila  finalement le bp de l ump se fait en public  mais ou est passe le rpr     autorite",FALSE,0,NA,2015-02-02 23:56:21,FALSE,NA,"562399154237091840",NA,"<a href=""http://www.thecacaocafe3dparispictodrawinglinkeding.com/APP/APPRETWEET02"" rel=""nofollow"">RETWITTER001</a>","davidherubel",8,TRUE,FALSE,NA,NA,"UMP","rt  renaudpil  final  bp   ump  fait  public     pass  rpr     autorit"
"36","rt  jackdeliz   adrenaline1001  bruno lemaire a raison de parler de  menace politique  pour  ump a propos du fn  il faut refuser le discour ",FALSE,0,NA,2015-02-02 23:56:20,FALSE,NA,"562399148683821058",NA,"<a href=""http://twitter.com/download/iphone"" rel=""nofollow"">Twitter for iPhone</a>","E_Talitha",6,TRUE,FALSE,NA,NA,"UMP","rt  jackdeliz   adrenaline1001  bruno lemair a raison  parl   menac polit    ump a propos  fn   faut refus  discour"
"37","rt  rtlfrance  alain juppe voterait  ps pour faire barrage au  fn dans le  doubs   ump  gt  http   t co qsyz38n9hu http   t co twwzirfwie",FALSE,0,NA,2015-02-02 23:56:08,FALSE,NA,"562399096062103553",NA,"<a href=""http://twitter.com/download/android"" rel=""nofollow"">Twitter for Android</a>","PierreBEAUFILS1",26,TRUE,FALSE,NA,NA,"UMP","rt  rtlfranc  alain jupp vot  p  fair barrag   fn    doub   ump  gt  http    co qsyz38n9hu http    co twwzirfw"
"38","rt  adrenaline1001  l ump doit affermir sa position vers la droite  les joutes et positions nkm et juppe affaiblissent le parti   jackdeliz ",FALSE,0,NA,2015-02-02 23:56:05,FALSE,NA,"562399086884954112",NA,"<a href=""http://twitter.com/download/iphone"" rel=""nofollow"">Twitter for iPhone</a>","E_Talitha",16,TRUE,FALSE,NA,NA,"UMP","rt  adrenaline1001   ump doit afferm  posit ver  droit   jout  posit nkm  jupp affaibl  part   jackdeliz"
"39","rt  alexisbraud  ne dites pas a l ump que le 22 mars ils auront des centaines de cantons comme la partielle du doubs  ca pourrait creer une ",FALSE,0,NA,2015-02-02 23:56:05,FALSE,NA,"562399084401938434",NA,"<a href=""http://twitter.com/download/iphone"" rel=""nofollow"">Twitter for iPhone</a>","FabienBenard",5,TRUE,FALSE,NA,NA,"UMP","rt  alexisbraud   dit  a  ump   22 mar    centain  canton comm  partiel  doub  ca pourr cre "
"40","rt  renaudpila  finalement le bp de l ump se fait en public  mais ou est passe le rpr     autorite",FALSE,0,NA,2015-02-02 23:56:03,FALSE,NA,"562399076034301952",NA,"<a href=""http://twitter.com/download/iphone"" rel=""nofollow"">Twitter for iPhone</a>","P_Bourgois",8,TRUE,FALSE,NA,NA,"UMP","rt  renaudpil  final  bp   ump  fait  public     pass  rpr     autorit"
"41","video  legislative dans le doubs   l ump  eliminee  va devoir donner sa consigne de vote http   t co orpusbasls",FALSE,0,NA,2015-02-02 23:55:54,FALSE,NA,"562399039946489857",NA,"<a href=""http://ifttt.com"" rel=""nofollow"">IFTTT</a>","Daniel_Jerome44",0,FALSE,FALSE,NA,NA,"UMP","video  legisl   doub    ump  elimine  va devoir don  consign  vot http    co orpusbasl"
"42","rt  lelab e1  pas d effet sarkozy   la sentence d hamon apres l elimination de l ump dans le doubs  gt  http   t co hlftwtdtlv  redif http   t ",FALSE,0,NA,2015-02-02 23:55:51,FALSE,NA,"562399026172407808",NA,"<a href=""http://twitter.com/download/iphone"" rel=""nofollow"">Twitter for iPhone</a>","loiseau_martine",11,TRUE,FALSE,NA,NA,"UMP","rt  lelab e1    effet sarkozy    sentenc  hamon apre  elimin   ump   doub  gt  http    co hlftwtdtlv  redif http   "
"43","rt  askolovitchc  pour ce jeune responsable ump qui reveillonnait avec ses copains fn et philippot  le ps est  l ennemi de la france   http ",FALSE,0,NA,2015-02-02 23:55:49,FALSE,NA,"562399018127753216",NA,"<a href=""http://twitter.com/#!/download/ipad"" rel=""nofollow"">Twitter for iPad</a>","LadyGuedin",89,TRUE,FALSE,NA,NA,"UMP","rt  askolovitchc    jeun respons ump  reveillon   copain fn  philippot   p    ennem   franc   http"
"44","rt  f philippot  ni ni ou pas  l ump doit cesser de terroriser en interne ceux qui veulent appeler au vote fn  seuls les pro ps auraient la ",FALSE,0,NA,2015-02-02 23:55:47,FALSE,NA,"562399010104045568",NA,"<a href=""http://twitter.com/download/iphone"" rel=""nofollow"">Twitter for iPhone</a>","rouvierRBM",117,TRUE,FALSE,NA,NA,"UMP","rt  f philippot  ni ni     ump doit cess  terroris  intern ceux  veulent appel  vot fn  seul  pro p  "
"45","rt  itele   doubs  gt  nathalie kosciusko morizet  ump    a titre personnel   voterait ps  contre le front national  http   t co 8f3o8xqc6g",FALSE,0,NA,2015-02-02 23:55:33,FALSE,NA,"562398950314233856",NA,"<a href=""https://about.twitter.com/products/tweetdeck"" rel=""nofollow"">TweetDeck</a>","FranceMob",69,TRUE,FALSE,NA,NA,"UMP","rt  itel   doub  gt  nathal kosciusko morizet  ump    a titr personnel   vot p  contr  front national  http    co 8f3o8xqc6g"
"46","rt  itele   doubs  gt  nathalie kosciusko morizet  ump    a titre personnel   voterait ps  contre le front national  http   t co 8f3o8xqc6g",FALSE,0,NA,2015-02-02 23:55:33,FALSE,NA,"562398950297448449",NA,"<a href=""https://about.twitter.com/products/tweetdeck"" rel=""nofollow"">TweetDeck</a>","Loupo85",69,TRUE,FALSE,NA,NA,"UMP","rt  itel   doub  gt  nathal kosciusko morizet  ump    a titr personnel   vot p  contr  front national  http    co 8f3o8xqc6g"
"47","a  juppe  ump laisse  sarkozy et ses idees reac dans les choux dimanche prochain  dans le doubs       al1jup http   t co guqc8jh9hn",FALSE,0,NA,2015-02-02 23:55:27,FALSE,NA,"562398927149088768",NA,"<a href=""http://twitter.com/download/iphone"" rel=""nofollow"">Twitter for iPhone</a>","MANUE_G",0,FALSE,FALSE,NA,NA,"UMP","a  jupp  ump laiss  sarkozy   ide reac   choux dimanch prochain    doub       al1jup http    co guqc8jh9hn"
"48","rt  davidherubel  direction de l ump   grand ecart entre nkm et wauquiez lesechos fr http   t co y0fsj2emxx http   t co etdsagyu4x",FALSE,0,NA,2015-02-02 23:55:13,FALSE,NA,"562398868269453313",NA,"<a href=""http://twitter.com"" rel=""nofollow"">Twitter Web Client</a>","NylaVox",2,TRUE,FALSE,NA,NA,"UMP","rt  davidherubel  direct   ump   grand ecart entre nkm  wauqu lesechos fr http    co y0fsj2emxx http    co etdsagyu4x"
"49","rt  ornikkar  quand sarkozy et l ump draguent les electeurs du fn  http   t co jxqy9l9hcg",FALSE,0,NA,2015-02-02 23:54:52,FALSE,NA,"562398781015359488",NA,"<a href=""http://twitter.com/download/iphone"" rel=""nofollow"">Twitter for iPhone</a>","dweedztweet",19,TRUE,FALSE,NA,NA,"UMP","rt  ornikkar  quand sarkozy   ump draguent  electeur  fn  http    co jxqy9l9hcg"
"50","rt  amer yacine  l  udi essonne present pour soutenir  desousa jo  ump  et jacques gering  udi  sur le canton d evry cc  jpdugoinclement  v ",FALSE,0,NA,2015-02-02 23:54:49,FALSE,NA,"562398765521596416",NA,"<a href=""http://twitter.com/download/iphone"" rel=""nofollow"">Twitter for iPhone</a>","LaetitiaHamon",4,TRUE,FALSE,NA,NA,"UMP","rt  amer yacin    udi esson present  souten  desous jo  ump   jacqu gering  udi    canton  evry cc  jpdugoincl  v"
"51","rt  alexisbraud  ne dites pas a l ump que le 22 mars ils auront des centaines de cantons comme la partielle du doubs  ca pourrait creer une ",FALSE,0,NA,2015-02-02 23:54:44,FALSE,NA,"562398746466877441",NA,"<a href=""https://twitter.com/download/android"" rel=""nofollow"">Twitter for Android Tablets</a>","kbkb15",5,TRUE,FALSE,NA,NA,"UMP","rt  alexisbraud   dit  a  ump   22 mar    centain  canton comm  partiel  doub  ca pourr cre "
"52","rt  askolovitchc  pour ce jeune responsable ump qui reveillonnait avec ses copains fn et philippot  le ps est  l ennemi de la france   http ",FALSE,0,NA,2015-02-02 23:54:30,FALSE,NA,"562398685548785664",NA,"<a href=""http://twitter.com"" rel=""nofollow"">Twitter Web Client</a>","VelumaT",89,TRUE,FALSE,NA,NA,"UMP","rt  askolovitchc    jeun respons ump  reveillon   copain fn  philippot   p    ennem   franc   http"
"53","direction de l ump   grand ecart entre nkm et wauquiez lesechos fr http   t co y0fsj2emxx http   t co etdsagyu4x",FALSE,1,NA,2015-02-02 23:54:23,FALSE,NA,"562398655593054208",NA,"<a href=""http://www.thecacaocafe3dparispictodrawinglinkeding.com/APP/APPRETWEET02"" rel=""nofollow"">RETWITTER001</a>","davidherubel",2,FALSE,FALSE,NA,NA,"UMP","direct   ump   grand ecart entre nkm  wauqu lesechos fr http    co y0fsj2emxx http    co etdsagyu4x"
"54","rt  amer yacine  l  udi essonne present pour soutenir  desousa jo  ump  et jacques gering  udi  sur le canton d evry cc  jpdugoinclement  v ",FALSE,0,NA,2015-02-02 23:54:16,FALSE,NA,"562398628682416130",NA,"<a href=""http://twitter.com/download/iphone"" rel=""nofollow"">Twitter for iPhone</a>","Yasmineeeech",4,TRUE,FALSE,NA,NA,"UMP","rt  amer yacin    udi esson present  souten  desous jo  ump   jacqu gering  udi    canton  evry cc  jpdugoincl  v"
"55","rt  anti umpfn  ce qui est dingue  c est qu on en est a trouver  courageux  qu un ump dise qu il faut faire barrage au fn  ca en dit long   ",FALSE,0,NA,2015-02-02 23:54:00,FALSE,NA,"562398560088760323",NA,"<a href=""http://twitter.com"" rel=""nofollow"">Twitter Web Client</a>","Lotarellana",41,TRUE,FALSE,NA,NA,"UMP","rt  anti umpfn     dingu        a trouv  courag    ump dis   faut fair barrag  fn  ca  dit long  "
"56","rt  lionnelluca06  a une epoque ou les citoyens n ont jamais ete aussi hostiles aux partis politiques comment pour l ump ne pas laisser la  ",FALSE,0,NA,2015-02-02 23:53:57,FALSE,NA,"562398550613827585",NA,"<a href=""http://twitter.com/download/iphone"" rel=""nofollow"">Twitter for iPhone</a>","jpolmorin",19,TRUE,FALSE,NA,NA,"UMP","rt  lionnelluca06  a  epoqu   citoyen   jam ete auss hostil  part polit comment   ump   laiss  "
"57","rt  romain1571  la conclusion s impose d elle meme   a mesure que le fn gagne en respectabilite  l ump ne cesse de deriver vers la gauche   ",FALSE,0,NA,2015-02-02 23:53:48,FALSE,NA,"562398511757799424",NA,"<a href=""http://twitter.com/download/iphone"" rel=""nofollow"">Twitter for iPhone</a>","MickaelSAILOR",2,TRUE,FALSE,NA,NA,"UMP","rt  romain1571   conclus  impos   mem   a mesur   fn gagn  respectabilit   ump  cess  deriv ver  gauch  "
"58"," doubs  ump  circo2504 vous hesitez encore   https   t co na7ynqpppb",FALSE,0,NA,2015-02-02 23:53:44,FALSE,NA,"562398491973283841",NA,"<a href=""http://twitter.com/#!/download/ipad"" rel=""nofollow"">Twitter for iPad</a>","CroireEtOser",0,FALSE,FALSE,NA,NA,"UMP"," doub  ump  circo2504  hesit encor   http    co na7ynqpppb"
"59","rt  ornikkar  quand l ump se divise  http   t co w1zfklaym7",FALSE,0,NA,2015-02-02 23:53:41,FALSE,NA,"562398480732536832",NA,"<a href=""http://twitter.com/download/iphone"" rel=""nofollow"">Twitter for iPhone</a>","veve1945",240,TRUE,FALSE,NA,NA,"UMP","rt  ornikkar  quand  ump  divis  http    co w1zfklaym7"
"60","rt  romain1571  la conclusion s impose d elle meme   a mesure que le fn gagne en respectabilite  l ump ne cesse de deriver vers la gauche   ",FALSE,0,NA,2015-02-02 23:53:39,FALSE,NA,"562398474495610880",NA,"<a href=""http://twitter.com/download/android"" rel=""nofollow"">Twitter for Android</a>","Seb_Fleury",2,TRUE,FALSE,NA,NA,"UMP","rt  romain1571   conclus  impos   mem   a mesur   fn gagn  respectabilit   ump  cess  deriv ver  gauch  "
"61","l echiquier politique a change   desormais il y a un gros bloc a gauche avec l ump  ps  udi  verts  front de gauche et a droite   le  fn     ",FALSE,1,NA,2015-02-02 23:53:34,FALSE,NA,"562398453410836480",NA,"<a href=""http://twitter.com/download/iphone"" rel=""nofollow"">Twitter for iPhone</a>","MickaelSAILOR",3,FALSE,FALSE,NA,NA,"UMP"," echiqui polit a chang   desorm   a  gros bloc a gauch   ump  p  udi  vert  front  gauch  a droit     fn    "
"62","rt  f philippot  alain juppe vote ps dans le doubs   l ump n est plus en perdition  c est un naufrage   continuez",FALSE,0,NA,2015-02-02 23:53:34,FALSE,NA,"562398451972182016",NA,"<a href=""http://seesmic.com/"" rel=""nofollow"">Seesmic</a>","Tanukiparis",167,TRUE,FALSE,NA,NA,"UMP","rt  f philippot  alain jupp vot p   doub    ump   plus  perdit     naufrag   continu"
"63","rt  askolovitchc  le fn veut plumer la volaille ump  sarkozy veut des voix fn pour son 1er tour  juppe prefere des voix ps pour son 2e tour ",FALSE,0,NA,2015-02-02 23:53:34,FALSE,NA,"562398451338842114",NA,"<a href=""http://twitter.com/download/iphone"" rel=""nofollow"">Twitter for iPhone</a>","loiseau_martine",49,TRUE,FALSE,NA,NA,"UMP","rt  askolovitchc   fn veut plum  volaill ump  sarkozy veut  voix fn   1er tour  jupp prefer  voix p   2e tour"
"64","rt  storasienne  doubs   cambadelis demande a l ump d appeler a voter ps http   t co qovxbvhglo via  le scan",FALSE,0,NA,2015-02-02 23:53:27,FALSE,NA,"562398420997255168",NA,"<a href=""http://twitter.com/download/iphone"" rel=""nofollow"">Twitter for iPhone</a>","ManugbrdeN",3,TRUE,FALSE,NA,NA,"UMP","rt  storasien  doub   cambadel demand a  ump  appel a vot p http    co qovxbvhglo vi   scan"
"65","nathalie kosciusko morizet nommee vice presidente lexpress fr http   t co uldn0apfot  http   t co y0fsj2emxx",FALSE,0,NA,2015-02-02 23:53:22,FALSE,NA,"562398402043215874",NA,"<a href=""http://www.thecacaocafe3dparispictodrawinglinkeding.com/APP/APPRETWEET02"" rel=""nofollow"">RETWITTER001</a>","davidherubel",0,FALSE,FALSE,NA,NA,"UMP","nathal kosciusko morizet nomme vic president lexpress fr http    co uldn0apfot  http    co y0fsj2emxx"
"66","rt  abrezet  l ump refuse le piege du front republicain 67  des symp pour le  ni ni  sondage ifop figaro lci en une de  le figaro http   t  ",FALSE,0,NA,2015-02-02 23:53:19,FALSE,NA,"562398389560967168",NA,"<a href=""http://twitter.com/download/iphone"" rel=""nofollow"">Twitter for iPhone</a>","jpolmorin",95,TRUE,FALSE,NA,NA,"UMP","rt  abrezet   ump refus  pieg  front republicain 67   symp    ni ni  sondag ifop figaro lci      figaro http    "
"67","bon  on a bien rigoler avec nkm   demain peut etre une nouvelle aventure du cote de l ump  la route est longue pour rattraper marine mais",FALSE,3,NA,2015-02-02 23:53:12,FALSE,NA,"562398359034822656",NA,"<a href=""http://twitter.com/download/iphone"" rel=""nofollow"">Twitter for iPhone</a>","BenAbdelazizC",0,FALSE,FALSE,NA,NA,"UMP","bon   a bien rigol  nkm   demain peut etre  nouvel aventur  cot   ump   rout  longu  rattrap marin"
"68","rt  jackdeliz   adrenaline1001  bruno lemaire a raison de parler de  menace politique  pour  ump a propos du fn  il faut refuser le discour ",FALSE,0,NA,2015-02-02 23:53:04,FALSE,NA,"562398325560053760",NA,"<a href=""http://twitter.com/#!/download/ipad"" rel=""nofollow"">Twitter for iPad</a>","adrenaline1001",6,TRUE,FALSE,NA,NA,"UMP","rt  jackdeliz   adrenaline1001  bruno lemair a raison  parl   menac polit    ump a propos  fn   faut refus  discour"
"69","rt  askolovitchc  ce qui m interesse monsieur  j bardella  c est que des militants ump sont en fait des taupes de votre fn  c est une infor ",FALSE,0,NA,2015-02-02 23:52:51,FALSE,NA,"562398271097040896",NA,"<a href=""https://twitter.com/download/android"" rel=""nofollow"">Twitter for Android Tablets</a>","MonsieurFoum",16,TRUE,FALSE,NA,NA,"UMP","rt  askolovitchc     interess monsieur   bardel      milit ump   fait  taup   fn     infor"
"70","rt  sabje2410  legislative dans le doubs    cette election doit servir d electrochoc pour l ump     bruno lemaire   depute ump sur http   t ",FALSE,0,NA,2015-02-02 23:52:46,FALSE,NA,"562398251442528256",NA,"<a href=""http://twitter.com/download/iphone"" rel=""nofollow"">Twitter for iPhone</a>","cemodf1",10,TRUE,FALSE,NA,NA,"UMP","rt  sabje2410  legisl   doub     elect doit serv  electrochoc   ump     bruno lemair   deput ump  http   "
"71","rt  abrezet  l ump refuse le piege du front republicain 67  des symp pour le  ni ni  sondage ifop figaro lci en une de  le figaro http   t  ",FALSE,0,NA,2015-02-02 23:52:32,FALSE,NA,"562398192055382017",NA,"<a href=""http://twitter.com/download/iphone"" rel=""nofollow"">Twitter for iPhone</a>","A_CHARRIER",95,TRUE,FALSE,NA,NA,"UMP","rt  abrezet   ump refus  pieg  front republicain 67   symp    ni ni  sondag ifop figaro lci      figaro http    "
"72","l ump doit affermir sa position vers la droite  les joutes et positions nkm et juppe affaiblissent le parti   jackdeliz  bruno lemaire  ump",FALSE,6,"JackdEliz",2015-02-02 23:52:29,FALSE,"562395843647770626","562398181418622976","198890039","<a href=""http://twitter.com/#!/download/ipad"" rel=""nofollow"">Twitter for iPad</a>","adrenaline1001",16,FALSE,FALSE,NA,NA,"UMP"," ump doit afferm  posit ver  droit   jout  posit nkm  jupp affaibl  part   jackdeliz  bruno lemair  ump"
"73","    vice presidente de l ump par defaut     alexpouchard",FALSE,0,"AlexPouchard",2015-02-02 23:52:27,FALSE,"562372260842176512","562398172983463937","43084309","<a href=""http://twitter.com"" rel=""nofollow"">Twitter Web Client</a>","Paul_Lemic",0,FALSE,FALSE,NA,NA,"UMP","    vic president   ump  defaut     alexpouchard"
"74","rt  0llv  le ps et le fn laissent un boulevard ideologique a l ump qui est incapable de le prendre     l antiliberalisme de l ump explique  ",FALSE,0,NA,2015-02-02 23:52:25,FALSE,NA,"562398162561024001",NA,"<a href=""http://twitter.com/download/iphone"" rel=""nofollow"">Twitter for iPhone</a>","teppdude",6,TRUE,FALSE,NA,NA,"UMP","rt  0llv   p   fn laissent  boulevard ideolog a  ump   incap   prendr      antiliberal   ump expliqu "
"75","une primaire ump udi   lagarde repousse la proposition  http   t co cmduxfqi6o http   t co y0fsj2emxx",FALSE,0,NA,2015-02-02 23:52:20,FALSE,NA,"562398142491291648",NA,"<a href=""http://www.thecacaocafe3dparispictodrawinglinkeding.com/APP/APPRETWEET02"" rel=""nofollow"">RETWITTER001</a>","davidherubel",0,FALSE,FALSE,NA,NA,"UMP"," primair ump udi   lagard repouss  proposit  http    co cmduxfqi6o http    co y0fsj2emxx"
"76","rt  adrenaline1001   doubs  l ump recuse le  front republicain et s oriente vers le ni ni   bravo l ump    merci  sarkozy  http   t co 45yin ",FALSE,0,NA,2015-02-02 23:52:13,FALSE,NA,"562398111315013633",NA,"<a href=""http://twitter.com/download/iphone"" rel=""nofollow"">Twitter for iPhone</a>","jpolmorin",20,TRUE,FALSE,NA,NA,"UMP","rt  adrenaline1001   doub   ump recus   front republicain   orient ver  ni ni   bravo  ump    merc  sarkozy  http    co 45yin"
"77"," le parisien oui  mais il n y est pas  ds le doues  et vu le candidat qui etait investi  ump    il ferait mieux de se taire   non ",FALSE,0,"le_Parisien",2015-02-02 23:52:10,FALSE,"562396694982062080","562398099998789632","38142665","<a href=""http://twitter.com/download/android"" rel=""nofollow"">Twitter for Android</a>","NanouLD",0,FALSE,FALSE,NA,NA,"UMP","  parisien oui         d  dou   vu  candidat  etait invest  ump     fer mieux   tair   non"
"78","rt  francetvinfo  legislative partielle dans le doubs   une triple defaite pour l ump http   t co xjl69cmnsg",FALSE,0,NA,2015-02-02 23:51:55,FALSE,NA,"562398038204092416",NA,"<a href=""http://twitter.com/download/iphone"" rel=""nofollow"">Twitter for iPhone</a>","loiseau_martine",9,TRUE,FALSE,NA,NA,"UMP","rt  francetvinfo  legisl partiel   doub    tripl defait   ump http    co xjl69cmnsg"
"79","rt  anti umpfn  ce qui est dingue  c est qu on en est a trouver  courageux  qu un ump dise qu il faut faire barrage au fn  ca en dit long   ",FALSE,0,NA,2015-02-02 23:51:55,FALSE,NA,"562398038095036416",NA,"<a href=""http://www.twitter.com"" rel=""nofollow"">Twitter for Windows Phone</a>","elieroncin",41,TRUE,FALSE,NA,NA,"UMP","rt  anti umpfn     dingu        a trouv  courag    ump dis   faut fair barrag  fn  ca  dit long  "
"80","rt  askolovitchc  pour ce jeune responsable ump qui reveillonnait avec ses copains fn et philippot  le ps est  l ennemi de la france   http ",FALSE,0,NA,2015-02-02 23:51:52,FALSE,NA,"562398024727822336",NA,"<a href=""http://twitter.com/download/iphone"" rel=""nofollow"">Twitter for iPhone</a>","ChristophePretr",89,TRUE,FALSE,NA,NA,"UMP","rt  askolovitchc    jeun respons ump  reveillon   copain fn  philippot   p    ennem   franc   http"
"81","rt  piwowarchuck  appeler a voter ps a doubs serait un dangereux precedant avant les regionales de mars probablement une liquefaction de l  ",FALSE,0,NA,2015-02-02 23:51:48,FALSE,NA,"562398009133379584",NA,"<a href=""https://twitter.com/download/android"" rel=""nofollow"">Twitter for Android Tablets</a>","babethae",48,TRUE,FALSE,NA,NA,"UMP","rt  piwowarchuck  appel a vot p a doub   danger preced avant  regional  mar probabl  liquefact   "
"82","rt  ornikkar  quand l ump se divise  http   t co w1zfklaym7",FALSE,0,NA,2015-02-02 23:51:41,FALSE,NA,"562397978305236992",NA,"<a href=""http://twitter.com"" rel=""nofollow"">Twitter Web Client</a>","LiliQUEST1",240,TRUE,FALSE,NA,NA,"UMP","rt  ornikkar  quand  ump  divis  http    co w1zfklaym7"
"83","rt  pchassat  message aux  elites  eclairees  ump   le parisien  legislative  doubs   67  des electeurs ump pour le  ni ps ni fn  http   t  ",FALSE,0,NA,2015-02-02 23:51:38,FALSE,NA,"562397967295197184",NA,"<a href=""http://twitter.com/download/iphone"" rel=""nofollow"">Twitter for iPhone</a>","jpolmorin",1,TRUE,FALSE,NA,NA,"UMP","rt  pchassat  messag   elit  eclaire  ump    parisien  legisl  doub   67   electeur ump    ni p ni fn  http    "
"84"," f philippot  deuxiemetour il flatte son electorat a gauche et au centre   qui ne sera jamais  fn ni a droite de l  ump   vous le savez bien",FALSE,0,"f_philippot",2015-02-02 23:51:35,FALSE,"562371415845126144","562397951746924545","472412809","<a href=""http://twitter.com"" rel=""nofollow"">Twitter Web Client</a>","BerthierGilles",0,FALSE,FALSE,NA,NA,"UMP"," f philippot  deuxiemetour  flatt  electorat a gauch   centr      jam  fn ni a droit    ump     sav bien"
"85","rt  2017 sarkozy  67  des sympathisants de l ump souhaitent que le parti ne donne pas de consigne de vote  doubs http   t co vu8xtmj4hb htt ",FALSE,0,NA,2015-02-02 23:51:13,FALSE,NA,"562397861988818944",NA,"<a href=""http://twitter.com/download/iphone"" rel=""nofollow"">Twitter for iPhone</a>","jpolmorin",71,TRUE,FALSE,NA,NA,"UMP","rt  2017 sarkozy  67   sympathis   ump souhaitent   part  don   consign  vot  doub http    co vu8xtmj4hb htt"
"86","rt  murieldiruocco   vgoyet  certes  mais le sujet des medias  amp  du  ps aujourd hui est uniquement la  consigne de vote obligatoire  que doi ",FALSE,0,NA,2015-02-02 23:51:10,FALSE,NA,"562397847128403969",NA,"<a href=""http://twitter.com"" rel=""nofollow"">Twitter Web Client</a>","brouillon4",1,TRUE,FALSE,NA,NA,"UMP","rt  murieldiruocco   vgoyet  cert    sujet  medi  amp    p aujourd hui  uniqu   consign  vot obligatoir   doi"
"87","rt  piwowarchuck  appeler a voter ps a doubs serait un dangereux precedant avant les regionales de mars probablement une liquefaction de l  ",FALSE,0,NA,2015-02-02 23:51:02,FALSE,NA,"562397816073752576",NA,"<a href=""http://twitter.com/#!/download/ipad"" rel=""nofollow"">Twitter for iPad</a>","alexkardou",48,TRUE,FALSE,NA,NA,"UMP","rt  piwowarchuck  appel a vot p a doub   danger preced avant  regional  mar probabl  liquefact   "
"88","rt  askolovitchc  le fn veut plumer la volaille ump  sarkozy veut des voix fn pour son 1er tour  juppe prefere des voix ps pour son 2e tour ",FALSE,0,NA,2015-02-02 23:50:41,FALSE,NA,"562397727846170628",NA,"<a href=""http://twitter.com/download/iphone"" rel=""nofollow"">Twitter for iPhone</a>","kambs75",49,TRUE,FALSE,NA,NA,"UMP","rt  askolovitchc   fn veut plum  volaill ump  sarkozy veut  voix fn   1er tour  jupp prefer  voix p   2e tour"
"89","rt  olivier timon  les soces avec leur front republicain me font marrer  au lieu de chercher des voix a l ump ou ailleurs  retrouvez vos vo ",FALSE,0,NA,2015-02-02 23:50:31,FALSE,NA,"562397686109057024",NA,"<a href=""http://twitter.com/#!/download/ipad"" rel=""nofollow"">Twitter for iPad</a>","conte_mick",4,TRUE,FALSE,NA,NA,"UMP","rt  olivi timon   soc   front republicain  font marr   lieu  cherch  voix a  ump  ailleur  retrouv  vo"
"90"," f philippot juppe est minable   le ps se frotte les mains  il neutralise l ump",FALSE,0,"f_philippot",2015-02-02 23:50:24,FALSE,"562371415845126144","562397656840818688","472412809","<a href=""http://twitter.com"" rel=""nofollow"">Twitter Web Client</a>","onnemelafaitpas",0,FALSE,FALSE,NA,NA,"UMP"," f philippot jupp  minabl    p  frott  main   neutralis  ump"
"91","villepin pret a participer a tout ce qui peut favoriser le rassemblement rtl fr http   t co ozr8ftdnfu http   t co y0fsj2emxx",FALSE,0,NA,2015-02-02 23:50:22,FALSE,NA,"562397647378845696",NA,"<a href=""http://www.thecacaocafe3dparispictodrawinglinkeding.com/APP/APPRETWEET02"" rel=""nofollow"">RETWITTER001</a>","davidherubel",0,FALSE,FALSE,NA,NA,"UMP","villepin pret a particip a tout   peut favoris  rassembl rtl fr http    co ozr8ftdnfu http    co y0fsj2emxx"
"92","rt  armelle68  je conseille fortement a  nicolassarkozy de ne pas se laisser avoir par juppe et d etre ferme car c est lui le chef de l  um ",FALSE,0,NA,2015-02-02 23:50:20,FALSE,NA,"562397636972777472",NA,"<a href=""http://twitter.com/download/iphone"" rel=""nofollow"">Twitter for iPhone</a>","P_Bourgois",14,TRUE,FALSE,NA,NA,"UMP","rt  armelle68   conseil fort a  nicolassarkozy     laiss avoir  jupp   etre ferm car     chef    um"
"93","l  ump c est ca   gt  alain juppe    si j etais dans le doubs  je voterais pour le ps  http   t co hsxq2isgag",FALSE,1,NA,2015-02-02 23:50:12,FALSE,NA,"562397603091202048",NA,"<a href=""http://twitter.com/download/iphone"" rel=""nofollow"">Twitter for iPhone</a>","fredchatillon",1,FALSE,FALSE,NA,NA,"UMP","  ump   ca   gt  alain jupp    si  etais   doub   vot   p  http    co hsxq2isgag"
"94","mauvais genie  bordel et  ni ni  de l ump dans le doubs par  le m poireau via  jegoun http   t co 10mwsky4sb",FALSE,0,NA,2015-02-02 23:50:04,FALSE,NA,"562397573357768704",NA,"<a href=""http://twitter.com/download/iphone"" rel=""nofollow"">Twitter for iPhone</a>","CFouillere",1,FALSE,FALSE,NA,NA,"UMP","mauv gen  bordel   ni ni    ump   doub     poireau vi  jegoun http    co 10mwsky4sb"
"95","rt  askolovitchc  pour ce jeune responsable ump qui reveillonnait avec ses copains fn et philippot  le ps est  l ennemi de la france   http ",FALSE,0,NA,2015-02-02 23:49:46,FALSE,NA,"562397497336020993",NA,"<a href=""http://twitter.com/#!/download/ipad"" rel=""nofollow"">Twitter for iPad</a>","Tymaou7",89,TRUE,FALSE,NA,NA,"UMP","rt  askolovitchc    jeun respons ump  reveillon   copain fn  philippot   p    ennem   franc   http"
"96","je soutiens les electeurs ump ou fdg ou d aucun parti  comme moi  qui votent fn pour faire barrage au ps qui detruit la france ",FALSE,0,NA,2015-02-02 23:49:41,FALSE,NA,"562397476674891778",NA,"<a href=""http://twitter.com/download/android"" rel=""nofollow"">Twitter for Android</a>","jplallemand",0,FALSE,FALSE,NA,NA,"UMP"," soutien  electeur ump  fdg   aucun part  comm    votent fn  fair barrag  p  detruit  franc"
"97","rt  ornikkar  quand l ump se divise  http   t co w1zfklaym7",FALSE,0,NA,2015-02-02 23:49:36,FALSE,NA,"562397455674003456",NA,"<a href=""http://twitter.com"" rel=""nofollow"">Twitter Web Client</a>","Nau_Kofi",240,TRUE,FALSE,NA,NA,"UMP","rt  ornikkar  quand  ump  divis  http    co w1zfklaym7"
"98","rt  f philippot  alain juppe vote ps dans le doubs   l ump n est plus en perdition  c est un naufrage   continuez",FALSE,0,NA,2015-02-02 23:49:18,FALSE,NA,"562397376904974336",NA,"<a href=""http://tweetadder.com"" rel=""nofollow"">TweetAdder v4</a>","deuxiemetour",167,TRUE,FALSE,NA,NA,"UMP","rt  f philippot  alain jupp vot p   doub    ump   plus  perdit     naufrag   continu"
"99","rt  berthiergilles   juppe tape a gauche et au centre     il sait que son electorat ne sera jamais ni  fn ni a droite de l  ump      point",FALSE,0,NA,2015-02-02 23:49:11,FALSE,NA,"562397350204039168",NA,"<a href=""http://twitter.com"" rel=""nofollow"">Twitter Web Client</a>","Vieuxreac_",1,TRUE,FALSE,NA,NA,"UMP","rt  berthiergill   jupp tap a gauch   centr      sait   electorat   jam ni  fn ni a droit    ump      point"
"100","rt  paragon      legislative dans le doubs   67  des  electeurs ump pour le  ni ps ni fn   l ump  dont le candidat a ete elimin    http   t ",FALSE,0,NA,2015-02-02 23:48:45,FALSE,NA,"562397240539750400",NA,"<a href=""http://twitter.com"" rel=""nofollow"">Twitter Web Client</a>","claudettepitrus",3,TRUE,FALSE,NA,NA,"UMP","rt  paragon      legisl   doub   67    electeur ump    ni p ni fn    ump  dont  candidat a ete elimin    http   "
